{
  "k": 0.14318231212441082,
  "mae_win_pct": 0.030369378697172288,
  "n_team_seasons": 1721
}