{"feature_names": ["mean_def_value", "sum_overall_value", "mean_overall_value", "mean_vorp", "ppg_top1_share", "mean_ts_pct", "sum_usg", "n_primary_creators", "n_spacers", "mean_three_par", "min_three_par", "mean_drb_pct", "mean_stl_pct", "mean_blk_pct", "mean_tov_pct", "support_value"], "coef": [1.5116125964679132, 0.540159871107812, -0.15827361981427143, 0.40635111683874275, 5.376251450027842, 12.431972124948382, -0.058181280410580676, -0.13262749691808412, -0.0871066069540245, 4.88601695988879, -1.870951085141483, 0.09772886676987233, -1.247164083795366, -0.5785462531068662, -0.10792004794073234, 0.07264905918626295], "intercept": -3.524120827985174, "medians": {"global": {"mean_def_value": 0.1, "sum_overall_value": 6.353213713679322, "mean_overall_value": 1.276055230820103, "mean_vorp": 1.78, "ppg_top1_share": 0.2957823876906168, "mean_ts_pct": 0.548, "sum_usg": 104.4, "n_primary_creators": 1.0, "n_spacers": 2.0, "mean_three_par": 0.2392, "min_three_par": 0.004, "mean_drb_pct": 15.16, "mean_stl_pct": 1.64, "mean_blk_pct": 1.5799999999999998, "mean_tov_pct": 12.72, "support_value": 1.9778489088752949}, "by_band": {"A0": {"mean_def_value": 0.1, "sum_overall_value": 5.878933133464519, "mean_overall_value": 1.1757866266929038, "mean_vorp": 1.78, "ppg_top1_share": 0.2864573122386872, "mean_ts_pct": 0.4775, "sum_usg": 104.4, "n_primary_creators": 0.0, "n_spacers": 2.0, "mean_three_par": 0.2392, "min_three_par": 0.004, "mean_drb_pct": 15.16, "mean_stl_pct": 1.64, "mean_blk_pct": 1.5799999999999998, "mean_tov_pct": 12.72, "support_value": 1.615141918938825}, "A1": {"mean_def_value": 0.039999999999999994, "sum_overall_value": 6.329429037792061, "mean_overall_value": 1.2658858075584123, "mean_vorp": 1.8, "ppg_top1_share": 0.29509930661652367, "mean_ts_pct": 0.5138, "sum_usg": 103.15, "n_primary_creators": 0.0, "n_spacers": 2.0, "mean_three_par": 0.2392, "min_three_par": 0.004, "mean_drb_pct": 13.88, "mean_stl_pct": 1.78, "mean_blk_pct": 1.04, "mean_tov_pct": 15.84, "support_value": 2.092725574705237}, "A2": {"mean_def_value": 0.06000000000000001, "sum_overall_value": 6.763037617442107, "mean_overall_value": 1.3526075234884214, "mean_vorp": 1.86, "ppg_top1_share": 0.28512940648269014, "mean_ts_pct": 0.5447, "sum_usg": 103.35, "n_primary_creators": 0.0, "n_spacers": 0.0, "mean_three_par": 0.0546, "min_three_par": 0.002, "mean_drb_pct": 13.89, "mean_stl_pct": 1.7399999999999998, "mean_blk_pct": 1.27, "mean_tov_pct": 14.16, "support_value": 2.560028025942425}, "B": {"mean_def_value": 0.03999999999999997, "sum_overall_value": 6.328645554901065, "mean_overall_value": 1.275214492607271, "mean_vorp": 1.8, "ppg_top1_share": 0.29914527027144083, "mean_ts_pct": 0.5323, "sum_usg": 104.0, "n_primary_creators": 1.0, "n_spacers": 1.0, "mean_three_par": 0.1807, "min_three_par": 0.003, "mean_drb_pct": 14.459999999999999, "mean_stl_pct": 1.72, "mean_blk_pct": 1.48, "mean_tov_pct": 13.41, "support_value": 1.7714890193316926}, "C": {"mean_def_value": 0.13999999999999999, "sum_overall_value": 6.380276154100516, "mean_overall_value": 1.2760552308201032, "mean_vorp": 1.7399999999999998, "ppg_top1_share": 0.299974645030426, "mean_ts_pct": 0.5608, "sum_usg": 104.8, "n_primary_creators": 1.0, "n_spacers": 2.0, "mean_three_par": 0.2861, "min_three_par": 0.006, "mean_drb_pct": 15.6, "mean_stl_pct": 1.6, "mean_blk_pct": 1.6600000000000001, "mean_tov_pct": 12.32, "support_value": 1.9778489088752949}}}, "residual_std": 9.434287003047606, "residual_std_by_band": {"A0": 4.369427299278397, "A1": 1.6033184629855957, "A2": 1.8430863534780497, "B": 1.880242306794152, "C": 6.598027605942782}, "training_value_ranges": {"sum_overall_value": [-17.02014468099233, 27.10934194129353], "mean_overall_value": [-3.404028936198466, 5.421868388258706], "max_overall_value": [-2.0397938753671423, 13.781543288440574], "min_overall_value": [-8.008322266504184, 2.7154260206520546], "sum_usg": [70.523, 130.1], "sum_vorp": [-3.5, 23.400000000000002]}, "disattenuation_by_band": {"A0": {"slope": 1.0, "intercept": 0.0}, "A1": {"slope": 1.0025162942726091, "intercept": 0.5588408207886465}, "A2": {"slope": 0.9324278000566795, "intercept": 0.7175099132043922}, "B": {"slope": 0.9550546019545316, "intercept": 0.7116395393199819}, "C": {"slope": 1.0, "intercept": 0.0}}, "disattenuation_slope": 0.3735732546253393, "disattenuation_intercept": -0.46216827970046176, "primary_by_band": {"A0": "gbm", "A1": "ridge", "A2": "ridge", "B": "ridge", "C": "ridge"}}