{
  "intercept": -0.005408093286519807,
  "slope": 0.13511433012767887,
  "n_seasons": 1721,
  "mae_win_pct": 0.030839348050951097,
  "r2_win_pct": 0.9332108404016657
}